name,section,professor,credits,room,day,start,end
자료구조,01,김민수,3,공학관 301,월,09:00,10:15
자료구조,01,김민수,3,공학관 301,수,09:00,10:15
자료구조,02,김민수,3,공학관 301,화,13:30,14:45
자료구조,02,김민수,3,공학관 301,목,13:30,14:45
알고리즘,01,이서연,3,공학관 302,월,10:30,11:45
알고리즘,01,이서연,3,공학관 302,수,10:30,11:45
알고리즘,02,이서연,3,공학관 302,화,10:15,11:30
알고리즘,02,이서연,3,공학관 302,목,10:15,11:30
운영체제,01,박지훈,3,공학관 401,월,13:30,14:45
운영체제,01,박지훈,3,공학관 401,수,13:30,14:45
컴퓨터구조,01,최유진,3,공학관 305,화,09:00,10:15
컴퓨터구조,01,최유진,3,공학관 305,목,09:00,10:15
데이터베이스,01,정하늘,3,공학관 402,화,15:00,16:15
데이터베이스,01,정하늘,3,공학관 402,목,15:00,16:15
컴퓨터네트워크,01,한동훈,3,공학관 403,월,14:30,15:45
컴퓨터네트워크,01,한동훈,3,공학관 403,수,14:30,15:45
소프트웨어공학,01,오세영,3,공학관 404,화,13:30,14:45
소프트웨어공학,01,오세영,3,공학관 404,목,13:30,14:45
이산수학,01,윤지아,3,자연관 201,월,09:30,10:45
이산수학,01,윤지아,3,자연관 201,수,09:30,10:45
프로그래밍언어론,01,강도윤,3,공학관 306,월,10:00,11:15
캡스톤디자인,01,박지훈,3,공학관 실습실,금,13:00,16:00
오픈소스SW,01,김민수,2,공학관 실습실,목,15:00,16:50
인공지능개론,01,서준호,3,공학관 405,화,16:30,17:45
인공지능개론,01,서준호,3,공학관 405,목,16:30,17:45
